"SUT","BaselineVariant","ComparedVariant","Feature","Direction","C0Value","CXValue","Delta","DeltaPct","Interpretation","ResultPath"
"SnapshotComparer","C0","C1","Classes","NEUTRAL","4","4","0","0","UNCHANGED","C:\Users\casol\Desktop\zookeeper-metrics\snapshotcomparer\c1\comparison-vs-c0"
"SnapshotComparer","C0","C1","CodeSmells","HIGHER_WORSE","47","37","-10","-21,28","POTENTIAL_MAINTAINABILITY_IMPROVEMENT","C:\Users\casol\Desktop\zookeeper-metrics\snapshotcomparer\c1\comparison-vs-c0"
"SnapshotComparer","C0","C1","CognitiveComplexity","HIGHER_WORSE","91","59","-32","-35,16","POTENTIAL_MAINTAINABILITY_IMPROVEMENT","C:\Users\casol\Desktop\zookeeper-metrics\snapshotcomparer\c1\comparison-vs-c0"
"SnapshotComparer","C0","C1","CommentLines","CONTEXTUAL","21","24","3","14,29","CONTEXTUAL_CHANGE","C:\Users\casol\Desktop\zookeeper-metrics\snapshotcomparer\c1\comparison-vs-c0"
"SnapshotComparer","C0","C1","CommentLinesDensityPct","CONTEXTUAL","54","33","-21","-38,89","CONTEXTUAL_CHANGE","C:\Users\casol\Desktop\zookeeper-metrics\snapshotcomparer\c1\comparison-vs-c0"
"SnapshotComparer","C0","C1","Complexity","HIGHER_WORSE","71","82","11","15,49","POTENTIAL_MAINTAINABILITY_REGRESSION","C:\Users\casol\Desktop\zookeeper-metrics\snapshotcomparer\c1\comparison-vs-c0"
"SnapshotComparer","C0","C1","DuplicatedLines","HIGHER_WORSE","0","0","0","","UNCHANGED","C:\Users\casol\Desktop\zookeeper-metrics\snapshotcomparer\c1\comparison-vs-c0"
"SnapshotComparer","C0","C1","DuplicatedLinesDensityPct","HIGHER_WORSE","0","0","0","","UNCHANGED","C:\Users\casol\Desktop\zookeeper-metrics\snapshotcomparer\c1\comparison-vs-c0"
"SnapshotComparer","C0","C1","Functions","NEUTRAL","22","40","18","81,82","CONTEXTUAL_CHANGE","C:\Users\casol\Desktop\zookeeper-metrics\snapshotcomparer\c1\comparison-vs-c0"
"SnapshotComparer","C0","C1","Lines","NEUTRAL","459","896","437","95,21","CONTEXTUAL_CHANGE","C:\Users\casol\Desktop\zookeeper-metrics\snapshotcomparer\c1\comparison-vs-c0"
"SnapshotComparer","C0","C1","Ncloc","NEUTRAL","367","711","344","93,73","CONTEXTUAL_CHANGE","C:\Users\casol\Desktop\zookeeper-metrics\snapshotcomparer\c1\comparison-vs-c0"
"SnapshotComparer","C0","C1","TechnicalDebtMinutes","HIGHER_WORSE","401","359","-42","-10,47","POTENTIAL_MAINTAINABILITY_IMPROVEMENT","C:\Users\casol\Desktop\zookeeper-metrics\snapshotcomparer\c1\comparison-vs-c0"
"SnapshotComparer","C0","C1","TechnicalDebtRatioPct","HIGHER_WORSE","36","17","-19","-52,78","POTENTIAL_MAINTAINABILITY_IMPROVEMENT","C:\Users\casol\Desktop\zookeeper-metrics\snapshotcomparer\c1\comparison-vs-c0"
"SnapshotComparer","C0","C1","Violations","HIGHER_WORSE","48","38","-10","-20,83","POTENTIAL_MAINTAINABILITY_IMPROVEMENT","C:\Users\casol\Desktop\zookeeper-metrics\snapshotcomparer\c1\comparison-vs-c0"
"SnapshotComparer","C0","C2","Classes","NEUTRAL","4","4","0","0","UNCHANGED","C:\Users\casol\Desktop\zookeeper-metrics\snapshotcomparer\c2\comparison-vs-c0"
"SnapshotComparer","C0","C2","CodeSmells","HIGHER_WORSE","47","36","-11","-23,4","POTENTIAL_MAINTAINABILITY_IMPROVEMENT","C:\Users\casol\Desktop\zookeeper-metrics\snapshotcomparer\c2\comparison-vs-c0"
"SnapshotComparer","C0","C2","CognitiveComplexity","HIGHER_WORSE","91","53","-38","-41,76","POTENTIAL_MAINTAINABILITY_IMPROVEMENT","C:\Users\casol\Desktop\zookeeper-metrics\snapshotcomparer\c2\comparison-vs-c0"
"SnapshotComparer","C0","C2","CommentLines","CONTEXTUAL","21","18","-3","-14,29","CONTEXTUAL_CHANGE","C:\Users\casol\Desktop\zookeeper-metrics\snapshotcomparer\c2\comparison-vs-c0"
"SnapshotComparer","C0","C2","CommentLinesDensityPct","CONTEXTUAL","54","26","-28","-51,85","CONTEXTUAL_CHANGE","C:\Users\casol\Desktop\zookeeper-metrics\snapshotcomparer\c2\comparison-vs-c0"
"SnapshotComparer","C0","C2","Complexity","HIGHER_WORSE","71","75","4","5,63","POTENTIAL_MAINTAINABILITY_REGRESSION","C:\Users\casol\Desktop\zookeeper-metrics\snapshotcomparer\c2\comparison-vs-c0"
"SnapshotComparer","C0","C2","DuplicatedLines","HIGHER_WORSE","0","0","0","","UNCHANGED","C:\Users\casol\Desktop\zookeeper-metrics\snapshotcomparer\c2\comparison-vs-c0"
"SnapshotComparer","C0","C2","DuplicatedLinesDensityPct","HIGHER_WORSE","0","0","0","","UNCHANGED","C:\Users\casol\Desktop\zookeeper-metrics\snapshotcomparer\c2\comparison-vs-c0"
"SnapshotComparer","C0","C2","Functions","NEUTRAL","22","35","13","59,09","CONTEXTUAL_CHANGE","C:\Users\casol\Desktop\zookeeper-metrics\snapshotcomparer\c2\comparison-vs-c0"
"SnapshotComparer","C0","C2","Lines","NEUTRAL","459","861","402","87,58","CONTEXTUAL_CHANGE","C:\Users\casol\Desktop\zookeeper-metrics\snapshotcomparer\c2\comparison-vs-c0"
"SnapshotComparer","C0","C2","Ncloc","NEUTRAL","367","678","311","84,74","CONTEXTUAL_CHANGE","C:\Users\casol\Desktop\zookeeper-metrics\snapshotcomparer\c2\comparison-vs-c0"
"SnapshotComparer","C0","C2","TechnicalDebtMinutes","HIGHER_WORSE","401","345","-56","-13,97","POTENTIAL_MAINTAINABILITY_IMPROVEMENT","C:\Users\casol\Desktop\zookeeper-metrics\snapshotcomparer\c2\comparison-vs-c0"
"SnapshotComparer","C0","C2","TechnicalDebtRatioPct","HIGHER_WORSE","36","17","-19","-52,78","POTENTIAL_MAINTAINABILITY_IMPROVEMENT","C:\Users\casol\Desktop\zookeeper-metrics\snapshotcomparer\c2\comparison-vs-c0"
"SnapshotComparer","C0","C2","Violations","HIGHER_WORSE","48","36","-12","-25","POTENTIAL_MAINTAINABILITY_IMPROVEMENT","C:\Users\casol\Desktop\zookeeper-metrics\snapshotcomparer\c2\comparison-vs-c0"
"SnapshotComparer","C0","C3","Classes","NEUTRAL","4","4","0","0","UNCHANGED","C:\Users\casol\Desktop\zookeeper-metrics\snapshotcomparer\c3\comparison-vs-c0"
"SnapshotComparer","C0","C3","CodeSmells","HIGHER_WORSE","47","32","-15","-31,91","POTENTIAL_MAINTAINABILITY_IMPROVEMENT","C:\Users\casol\Desktop\zookeeper-metrics\snapshotcomparer\c3\comparison-vs-c0"
"SnapshotComparer","C0","C3","CognitiveComplexity","HIGHER_WORSE","91","55","-36","-39,56","POTENTIAL_MAINTAINABILITY_IMPROVEMENT","C:\Users\casol\Desktop\zookeeper-metrics\snapshotcomparer\c3\comparison-vs-c0"
"SnapshotComparer","C0","C3","CommentLines","CONTEXTUAL","21","18","-3","-14,29","CONTEXTUAL_CHANGE","C:\Users\casol\Desktop\zookeeper-metrics\snapshotcomparer\c3\comparison-vs-c0"
"SnapshotComparer","C0","C3","CommentLinesDensityPct","CONTEXTUAL","54","24","-30","-55,56","CONTEXTUAL_CHANGE","C:\Users\casol\Desktop\zookeeper-metrics\snapshotcomparer\c3\comparison-vs-c0"
"SnapshotComparer","C0","C3","Complexity","HIGHER_WORSE","71","85","14","19,72","POTENTIAL_MAINTAINABILITY_REGRESSION","C:\Users\casol\Desktop\zookeeper-metrics\snapshotcomparer\c3\comparison-vs-c0"
"SnapshotComparer","C0","C3","DuplicatedLines","HIGHER_WORSE","0","0","0","","UNCHANGED","C:\Users\casol\Desktop\zookeeper-metrics\snapshotcomparer\c3\comparison-vs-c0"
"SnapshotComparer","C0","C3","DuplicatedLinesDensityPct","HIGHER_WORSE","0","0","0","","UNCHANGED","C:\Users\casol\Desktop\zookeeper-metrics\snapshotcomparer\c3\comparison-vs-c0"
"SnapshotComparer","C0","C3","Functions","NEUTRAL","22","43","21","95,45","CONTEXTUAL_CHANGE","C:\Users\casol\Desktop\zookeeper-metrics\snapshotcomparer\c3\comparison-vs-c0"
"SnapshotComparer","C0","C3","Lines","NEUTRAL","459","893","434","94,55","CONTEXTUAL_CHANGE","C:\Users\casol\Desktop\zookeeper-metrics\snapshotcomparer\c3\comparison-vs-c0"
"SnapshotComparer","C0","C3","Ncloc","NEUTRAL","367","740","373","101,63","CONTEXTUAL_CHANGE","C:\Users\casol\Desktop\zookeeper-metrics\snapshotcomparer\c3\comparison-vs-c0"
"SnapshotComparer","C0","C3","TechnicalDebtMinutes","HIGHER_WORSE","401","297","-104","-25,94","POTENTIAL_MAINTAINABILITY_IMPROVEMENT","C:\Users\casol\Desktop\zookeeper-metrics\snapshotcomparer\c3\comparison-vs-c0"
"SnapshotComparer","C0","C3","TechnicalDebtRatioPct","HIGHER_WORSE","36","13","-23","-63,89","POTENTIAL_MAINTAINABILITY_IMPROVEMENT","C:\Users\casol\Desktop\zookeeper-metrics\snapshotcomparer\c3\comparison-vs-c0"
"SnapshotComparer","C0","C3","Violations","HIGHER_WORSE","48","32","-16","-33,33","POTENTIAL_MAINTAINABILITY_IMPROVEMENT","C:\Users\casol\Desktop\zookeeper-metrics\snapshotcomparer\c3\comparison-vs-c0"
"SnapshotComparer","C0","C4","Classes","NEUTRAL","4","4","0","0","UNCHANGED","C:\Users\casol\Desktop\zookeeper-metrics\snapshotcomparer\c4\comparison-vs-c0"
"SnapshotComparer","C0","C4","CodeSmells","HIGHER_WORSE","47","39","-8","-17,02","POTENTIAL_MAINTAINABILITY_IMPROVEMENT","C:\Users\casol\Desktop\zookeeper-metrics\snapshotcomparer\c4\comparison-vs-c0"
"SnapshotComparer","C0","C4","CognitiveComplexity","HIGHER_WORSE","91","56","-35","-38,46","POTENTIAL_MAINTAINABILITY_IMPROVEMENT","C:\Users\casol\Desktop\zookeeper-metrics\snapshotcomparer\c4\comparison-vs-c0"
"SnapshotComparer","C0","C4","CommentLines","CONTEXTUAL","21","18","-3","-14,29","CONTEXTUAL_CHANGE","C:\Users\casol\Desktop\zookeeper-metrics\snapshotcomparer\c4\comparison-vs-c0"
"SnapshotComparer","C0","C4","CommentLinesDensityPct","CONTEXTUAL","54","24","-30","-55,56","CONTEXTUAL_CHANGE","C:\Users\casol\Desktop\zookeeper-metrics\snapshotcomparer\c4\comparison-vs-c0"
"SnapshotComparer","C0","C4","Complexity","HIGHER_WORSE","71","83","12","16,9","POTENTIAL_MAINTAINABILITY_REGRESSION","C:\Users\casol\Desktop\zookeeper-metrics\snapshotcomparer\c4\comparison-vs-c0"
"SnapshotComparer","C0","C4","DuplicatedLines","HIGHER_WORSE","0","0","0","","UNCHANGED","C:\Users\casol\Desktop\zookeeper-metrics\snapshotcomparer\c4\comparison-vs-c0"
"SnapshotComparer","C0","C4","DuplicatedLinesDensityPct","HIGHER_WORSE","0","0","0","","UNCHANGED","C:\Users\casol\Desktop\zookeeper-metrics\snapshotcomparer\c4\comparison-vs-c0"
"SnapshotComparer","C0","C4","Functions","NEUTRAL","22","40","18","81,82","CONTEXTUAL_CHANGE","C:\Users\casol\Desktop\zookeeper-metrics\snapshotcomparer\c4\comparison-vs-c0"
"SnapshotComparer","C0","C4","Lines","NEUTRAL","459","872","413","89,98","CONTEXTUAL_CHANGE","C:\Users\casol\Desktop\zookeeper-metrics\snapshotcomparer\c4\comparison-vs-c0"
"SnapshotComparer","C0","C4","Ncloc","NEUTRAL","367","735","368","100,27","CONTEXTUAL_CHANGE","C:\Users\casol\Desktop\zookeeper-metrics\snapshotcomparer\c4\comparison-vs-c0"
"SnapshotComparer","C0","C4","TechnicalDebtMinutes","HIGHER_WORSE","401","347","-54","-13,47","POTENTIAL_MAINTAINABILITY_IMPROVEMENT","C:\Users\casol\Desktop\zookeeper-metrics\snapshotcomparer\c4\comparison-vs-c0"
"SnapshotComparer","C0","C4","TechnicalDebtRatioPct","HIGHER_WORSE","36","16","-20","-55,56","POTENTIAL_MAINTAINABILITY_IMPROVEMENT","C:\Users\casol\Desktop\zookeeper-metrics\snapshotcomparer\c4\comparison-vs-c0"
"SnapshotComparer","C0","C4","Violations","HIGHER_WORSE","48","40","-8","-16,67","POTENTIAL_MAINTAINABILITY_IMPROVEMENT","C:\Users\casol\Desktop\zookeeper-metrics\snapshotcomparer\c4\comparison-vs-c0"
"WatchManager","C0","C1","Classes","NEUTRAL","1","1","0","0","UNCHANGED","C:\Users\casol\Desktop\zookeeper-metrics\watchmanager\c1\comparison-vs-c0"
"WatchManager","C0","C1","CodeSmells","HIGHER_WORSE","3","3","0","0","UNCHANGED","C:\Users\casol\Desktop\zookeeper-metrics\watchmanager\c1\comparison-vs-c0"
"WatchManager","C0","C1","CognitiveComplexity","HIGHER_WORSE","86","69","-17","-19,77","POTENTIAL_MAINTAINABILITY_IMPROVEMENT","C:\Users\casol\Desktop\zookeeper-metrics\watchmanager\c1\comparison-vs-c0"
"WatchManager","C0","C1","CommentLines","CONTEXTUAL","10","9","-1","-10","CONTEXTUAL_CHANGE","C:\Users\casol\Desktop\zookeeper-metrics\watchmanager\c1\comparison-vs-c0"
"WatchManager","C0","C1","CommentLinesDensityPct","CONTEXTUAL","32","2","-30","-93,75","CONTEXTUAL_CHANGE","C:\Users\casol\Desktop\zookeeper-metrics\watchmanager\c1\comparison-vs-c0"
"WatchManager","C0","C1","Complexity","HIGHER_WORSE","79","88","9","11,39","POTENTIAL_MAINTAINABILITY_REGRESSION","C:\Users\casol\Desktop\zookeeper-metrics\watchmanager\c1\comparison-vs-c0"
"WatchManager","C0","C1","DuplicatedLines","HIGHER_WORSE","0","0","0","","UNCHANGED","C:\Users\casol\Desktop\zookeeper-metrics\watchmanager\c1\comparison-vs-c0"
"WatchManager","C0","C1","DuplicatedLinesDensityPct","HIGHER_WORSE","0","0","0","","UNCHANGED","C:\Users\casol\Desktop\zookeeper-metrics\watchmanager\c1\comparison-vs-c0"
"WatchManager","C0","C1","Functions","NEUTRAL","21","35","14","66,67","CONTEXTUAL_CHANGE","C:\Users\casol\Desktop\zookeeper-metrics\watchmanager\c1\comparison-vs-c0"
"WatchManager","C0","C1","Lines","NEUTRAL","377","554","177","46,95","CONTEXTUAL_CHANGE","C:\Users\casol\Desktop\zookeeper-metrics\watchmanager\c1\comparison-vs-c0"
"WatchManager","C0","C1","Ncloc","NEUTRAL","303","445","142","46,86","CONTEXTUAL_CHANGE","C:\Users\casol\Desktop\zookeeper-metrics\watchmanager\c1\comparison-vs-c0"
"WatchManager","C0","C1","TechnicalDebtMinutes","HIGHER_WORSE","41","22","-19","-46,34","POTENTIAL_MAINTAINABILITY_IMPROVEMENT","C:\Users\casol\Desktop\zookeeper-metrics\watchmanager\c1\comparison-vs-c0"
"WatchManager","C0","C1","TechnicalDebtRatioPct","HIGHER_WORSE","5","2","-3","-60","POTENTIAL_MAINTAINABILITY_IMPROVEMENT","C:\Users\casol\Desktop\zookeeper-metrics\watchmanager\c1\comparison-vs-c0"
"WatchManager","C0","C1","Violations","HIGHER_WORSE","3","3","0","0","UNCHANGED","C:\Users\casol\Desktop\zookeeper-metrics\watchmanager\c1\comparison-vs-c0"
"WatchManager","C0","C2","Classes","NEUTRAL","1","1","0","0","UNCHANGED","C:\Users\casol\Desktop\zookeeper-metrics\watchmanager\c2\comparison-vs-c0"
"WatchManager","C0","C2","CodeSmells","HIGHER_WORSE","3","3","0","0","UNCHANGED","C:\Users\casol\Desktop\zookeeper-metrics\watchmanager\c2\comparison-vs-c0"
"WatchManager","C0","C2","CognitiveComplexity","HIGHER_WORSE","86","66","-20","-23,26","POTENTIAL_MAINTAINABILITY_IMPROVEMENT","C:\Users\casol\Desktop\zookeeper-metrics\watchmanager\c2\comparison-vs-c0"
"WatchManager","C0","C2","CommentLines","CONTEXTUAL","10","9","-1","-10","CONTEXTUAL_CHANGE","C:\Users\casol\Desktop\zookeeper-metrics\watchmanager\c2\comparison-vs-c0"
"WatchManager","C0","C2","CommentLinesDensityPct","CONTEXTUAL","32","2","-30","-93,75","CONTEXTUAL_CHANGE","C:\Users\casol\Desktop\zookeeper-metrics\watchmanager\c2\comparison-vs-c0"
"WatchManager","C0","C2","Complexity","HIGHER_WORSE","79","95","16","20,25","POTENTIAL_MAINTAINABILITY_REGRESSION","C:\Users\casol\Desktop\zookeeper-metrics\watchmanager\c2\comparison-vs-c0"
"WatchManager","C0","C2","DuplicatedLines","HIGHER_WORSE","0","0","0","","UNCHANGED","C:\Users\casol\Desktop\zookeeper-metrics\watchmanager\c2\comparison-vs-c0"
"WatchManager","C0","C2","DuplicatedLinesDensityPct","HIGHER_WORSE","0","0","0","","UNCHANGED","C:\Users\casol\Desktop\zookeeper-metrics\watchmanager\c2\comparison-vs-c0"
"WatchManager","C0","C2","Functions","NEUTRAL","21","39","18","85,71","CONTEXTUAL_CHANGE","C:\Users\casol\Desktop\zookeeper-metrics\watchmanager\c2\comparison-vs-c0"
"WatchManager","C0","C2","Lines","NEUTRAL","377","593","216","57,29","CONTEXTUAL_CHANGE","C:\Users\casol\Desktop\zookeeper-metrics\watchmanager\c2\comparison-vs-c0"
"WatchManager","C0","C2","Ncloc","NEUTRAL","303","452","149","49,17","CONTEXTUAL_CHANGE","C:\Users\casol\Desktop\zookeeper-metrics\watchmanager\c2\comparison-vs-c0"
"WatchManager","C0","C2","TechnicalDebtMinutes","HIGHER_WORSE","41","22","-19","-46,34","POTENTIAL_MAINTAINABILITY_IMPROVEMENT","C:\Users\casol\Desktop\zookeeper-metrics\watchmanager\c2\comparison-vs-c0"
"WatchManager","C0","C2","TechnicalDebtRatioPct","HIGHER_WORSE","5","2","-3","-60","POTENTIAL_MAINTAINABILITY_IMPROVEMENT","C:\Users\casol\Desktop\zookeeper-metrics\watchmanager\c2\comparison-vs-c0"
"WatchManager","C0","C2","Violations","HIGHER_WORSE","3","3","0","0","UNCHANGED","C:\Users\casol\Desktop\zookeeper-metrics\watchmanager\c2\comparison-vs-c0"
"WatchManager","C0","C3","Classes","NEUTRAL","1","1","0","0","UNCHANGED","C:\Users\casol\Desktop\zookeeper-metrics\watchmanager\c3\comparison-vs-c0"
"WatchManager","C0","C3","CodeSmells","HIGHER_WORSE","3","3","0","0","UNCHANGED","C:\Users\casol\Desktop\zookeeper-metrics\watchmanager\c3\comparison-vs-c0"
"WatchManager","C0","C3","CognitiveComplexity","HIGHER_WORSE","86","65","-21","-24,42","POTENTIAL_MAINTAINABILITY_IMPROVEMENT","C:\Users\casol\Desktop\zookeeper-metrics\watchmanager\c3\comparison-vs-c0"
"WatchManager","C0","C3","CommentLines","CONTEXTUAL","10","9","-1","-10","CONTEXTUAL_CHANGE","C:\Users\casol\Desktop\zookeeper-metrics\watchmanager\c3\comparison-vs-c0"
"WatchManager","C0","C3","CommentLinesDensityPct","CONTEXTUAL","32","19","-13","-40,62","CONTEXTUAL_CHANGE","C:\Users\casol\Desktop\zookeeper-metrics\watchmanager\c3\comparison-vs-c0"
"WatchManager","C0","C3","Complexity","HIGHER_WORSE","79","92","13","16,46","POTENTIAL_MAINTAINABILITY_REGRESSION","C:\Users\casol\Desktop\zookeeper-metrics\watchmanager\c3\comparison-vs-c0"
"WatchManager","C0","C3","DuplicatedLines","HIGHER_WORSE","0","0","0","","UNCHANGED","C:\Users\casol\Desktop\zookeeper-metrics\watchmanager\c3\comparison-vs-c0"
"WatchManager","C0","C3","DuplicatedLinesDensityPct","HIGHER_WORSE","0","0","0","","UNCHANGED","C:\Users\casol\Desktop\zookeeper-metrics\watchmanager\c3\comparison-vs-c0"
"WatchManager","C0","C3","Functions","NEUTRAL","21","38","17","80,95","CONTEXTUAL_CHANGE","C:\Users\casol\Desktop\zookeeper-metrics\watchmanager\c3\comparison-vs-c0"
"WatchManager","C0","C3","Lines","NEUTRAL","377","584","207","54,91","CONTEXTUAL_CHANGE","C:\Users\casol\Desktop\zookeeper-metrics\watchmanager\c3\comparison-vs-c0"
"WatchManager","C0","C3","Ncloc","NEUTRAL","303","466","163","53,8","CONTEXTUAL_CHANGE","C:\Users\casol\Desktop\zookeeper-metrics\watchmanager\c3\comparison-vs-c0"
"WatchManager","C0","C3","TechnicalDebtMinutes","HIGHER_WORSE","41","22","-19","-46,34","POTENTIAL_MAINTAINABILITY_IMPROVEMENT","C:\Users\casol\Desktop\zookeeper-metrics\watchmanager\c3\comparison-vs-c0"
"WatchManager","C0","C3","TechnicalDebtRatioPct","HIGHER_WORSE","5","2","-3","-60","POTENTIAL_MAINTAINABILITY_IMPROVEMENT","C:\Users\casol\Desktop\zookeeper-metrics\watchmanager\c3\comparison-vs-c0"
"WatchManager","C0","C3","Violations","HIGHER_WORSE","3","3","0","0","UNCHANGED","C:\Users\casol\Desktop\zookeeper-metrics\watchmanager\c3\comparison-vs-c0"
"WatchManager","C0","C4","Classes","NEUTRAL","1","1","0","0","UNCHANGED","C:\Users\casol\Desktop\zookeeper-metrics\watchmanager\c4\comparison-vs-c0"
"WatchManager","C0","C4","CodeSmells","HIGHER_WORSE","3","2","-1","-33,33","POTENTIAL_MAINTAINABILITY_IMPROVEMENT","C:\Users\casol\Desktop\zookeeper-metrics\watchmanager\c4\comparison-vs-c0"
"WatchManager","C0","C4","CognitiveComplexity","HIGHER_WORSE","86","66","-20","-23,26","POTENTIAL_MAINTAINABILITY_IMPROVEMENT","C:\Users\casol\Desktop\zookeeper-metrics\watchmanager\c4\comparison-vs-c0"
"WatchManager","C0","C4","CommentLines","CONTEXTUAL","10","6","-4","-40","CONTEXTUAL_CHANGE","C:\Users\casol\Desktop\zookeeper-metrics\watchmanager\c4\comparison-vs-c0"
"WatchManager","C0","C4","CommentLinesDensityPct","CONTEXTUAL","32","14","-18","-56,25","CONTEXTUAL_CHANGE","C:\Users\casol\Desktop\zookeeper-metrics\watchmanager\c4\comparison-vs-c0"
"WatchManager","C0","C4","Complexity","HIGHER_WORSE","79","92","13","16,46","POTENTIAL_MAINTAINABILITY_REGRESSION","C:\Users\casol\Desktop\zookeeper-metrics\watchmanager\c4\comparison-vs-c0"
"WatchManager","C0","C4","DuplicatedLines","HIGHER_WORSE","0","0","0","","UNCHANGED","C:\Users\casol\Desktop\zookeeper-metrics\watchmanager\c4\comparison-vs-c0"
"WatchManager","C0","C4","DuplicatedLinesDensityPct","HIGHER_WORSE","0","0","0","","UNCHANGED","C:\Users\casol\Desktop\zookeeper-metrics\watchmanager\c4\comparison-vs-c0"
"WatchManager","C0","C4","Functions","NEUTRAL","21","35","14","66,67","CONTEXTUAL_CHANGE","C:\Users\casol\Desktop\zookeeper-metrics\watchmanager\c4\comparison-vs-c0"
"WatchManager","C0","C4","Lines","NEUTRAL","377","565","188","49,87","CONTEXTUAL_CHANGE","C:\Users\casol\Desktop\zookeeper-metrics\watchmanager\c4\comparison-vs-c0"
"WatchManager","C0","C4","Ncloc","NEUTRAL","303","438","135","44,55","CONTEXTUAL_CHANGE","C:\Users\casol\Desktop\zookeeper-metrics\watchmanager\c4\comparison-vs-c0"
"WatchManager","C0","C4","TechnicalDebtMinutes","HIGHER_WORSE","41","12","-29","-70,73","POTENTIAL_MAINTAINABILITY_IMPROVEMENT","C:\Users\casol\Desktop\zookeeper-metrics\watchmanager\c4\comparison-vs-c0"
"WatchManager","C0","C4","TechnicalDebtRatioPct","HIGHER_WORSE","5","1","-4","-80","POTENTIAL_MAINTAINABILITY_IMPROVEMENT","C:\Users\casol\Desktop\zookeeper-metrics\watchmanager\c4\comparison-vs-c0"
"WatchManager","C0","C4","Violations","HIGHER_WORSE","3","2","-1","-33,33","POTENTIAL_MAINTAINABILITY_IMPROVEMENT","C:\Users\casol\Desktop\zookeeper-metrics\watchmanager\c4\comparison-vs-c0"
